<?xml version="1.0" encoding="UTF-8"?>
<configuration>

    <appender name="STDOUT"
              class="ch.qos.logback.core.ConsoleAppender">
        <encoder>
            <!-- supprimer heure min des logs -->
            <pattern>
                %-5level %logger{15}.%M %msg%n
            </pattern>
        </encoder>
    </appender>

    <logger name="org.hibernate.SQL" level="DEBUG" />
    <logger name="org.hibernate.type.descriptor.sql.BasicBinder" level="TRACE" />

    <!-- NIVEAU INFO -->
    <root level="INFO">
        <appender-ref ref="STDOUT" />
    </root>

</configuration>